"Sample_barcode","Extraction_day_1_date","done_box_number","extraction_notes","QC_date","260/280","260/230","ng/ÂµL","QC_pass","Gel_num","Gel_date","gel_pass","gel_notes","Grind_Date","5ml_Rack_Number","grind_notes"
"19A0132",2020-03-11,1,NA,2020-07-07,2.074,1.83,2046.196,TRUE,4,2020-07-14,"TRUE","good",2020-01-23,2,NA
"19A0254",2020-03-11,1,"junk in bottom step 5 day 2",2020-07-07,1.855,1.314,637.303,TRUE,4,2020-07-14,"FALSE","nothing there",2020-01-28,9,NA
"19A0288",2020-03-11,1,"junk in bottom step 5 day 2",2020-07-07,1.899,0.827,91.931,FALSE,4,2020-07-14,"FALSE","nothing there",2020-01-27,4,NA
"19A0249",2020-03-11,1,NA,2020-07-07,1.937,0.86,378.022,FALSE,4,2020-07-14,"TRUE","good",2020-01-30,12,NA
"19A0353",2020-03-11,1,NA,2020-07-07,2.08,1.658,1083.911,TRUE,4,2020-07-14,"TRUE","good",2020-01-30,13,NA
"19A0309",2020-03-11,1,NA,2020-07-07,1.93,1.618,2464.273,TRUE,4,2020-07-14,"TRUE","borderline",2020-01-27,7,NA
"19A0397",2020-03-11,1,NA,2020-07-07,2.063,1.682,881.332,TRUE,4,2020-07-14,"TRUE","good",2020-02-03,17,NA
"19A0003",2020-03-11,1,NA,2020-07-07,2.087,2.028,997.746,TRUE,4,2020-07-14,"TRUE","good",2020-01-23,3,NA
"19A0326",2020-03-11,1,NA,2020-07-07,2.067,1.863,1205.789,TRUE,4,2020-07-14,"FALSE","nothing there",2020-01-30,11,NA
"19A0422",2020-03-11,1,NA,2020-07-07,1.99,1.873,2539.844,TRUE,4,2020-07-14,"FALSE","fragments",2020-02-03,18,"rep 1 polycon missing; used rep 2 polycon"
"19A0118",2020-03-11,1,NA,2020-07-07,1.977,1.843,2442.235,TRUE,4,2020-07-14,"FALSE","fragments",2020-01-28,8,NA
"19A0425",2020-03-11,1,NA,2020-07-07,2.092,1.809,1598.565,TRUE,4,2020-07-14,"FALSE","nothing there",2020-01-31,16,NA
"19A0123",2020-03-11,1,NA,2020-07-07,2.079,2.142,1400.387,TRUE,4,2020-07-14,"FALSE","nothing there",2020-01-23,2,NA
"19A0312",2020-03-11,1,NA,2020-07-07,2.037,1.723,1965.922,TRUE,4,2020-07-14,"FALSE","fragments",2020-01-29,9,NA
"19A0062",2020-03-11,1,NA,2020-07-07,1.914,1.849,1735.018,TRUE,4,2020-07-14,"TRUE","good",2020-01-22,3,"7 samples in plastic bag for now"
"19A0266",2020-03-11,1,NA,2020-07-07,1.961,1.695,2404.05,TRUE,4,2020-07-14,"TRUE","borderline",2020-01-30,13,NA
"19A0180",2020-03-11,1,NA,2020-07-07,2.024,1.674,1338.809,TRUE,5,2020-07-14,"TRUE","good",2020-01-31,15,NA
"19A0264",2020-03-11,1,NA,2020-07-07,1.826,1.845,2494.993,TRUE,5,2020-07-14,"FALSE","nothing there",2020-01-27,5,NA
"19A0258",2020-03-11,1,NA,2020-07-07,1.7,1.607,2705.106,TRUE,5,2020-07-14,"TRUE","good",2020-01-30,11,"one kernel left in polycon"
"19A0073",2020-03-11,1,NA,2020-07-07,1.984,1.87,2083.92,TRUE,5,2020-07-14,"TRUE","good",2020-01-23,2,NA
"19A0164",2020-03-11,1,NA,2020-07-07,2.023,1.851,1923.603,TRUE,5,2020-07-14,"TRUE","good",2020-01-31,15,NA
"19A0336",2020-03-11,1,"says redo in sharpie; may have lost pellet",2020-07-07,1.44,0.396,12.735,FALSE,5,2020-07-14,"FALSE","nothing there",2020-02-03,17,"This is a redo"
"19A0328",2020-03-11,1,NA,2020-07-07,1.851,1.435,965.904,TRUE,5,2020-07-14,"TRUE","borderline",2020-01-31,14,NA
"19A0342",2020-03-11,1,NA,2020-07-07,1.79,1.672,2741.504,TRUE,5,2020-07-14,"FALSE","fragments",2020-01-23,1,NA
"19A0426",2020-03-12,1,NA,2020-07-07,2.008,2.135,743.117,TRUE,5,2020-07-14,"FALSE","nothing there",2020-01-29,10,NA
"19A0098",2020-03-12,1,NA,2020-07-07,2.071,1.962,1500.563,TRUE,5,2020-07-14,"TRUE","good",2020-01-23,2,NA
"19A0168",2020-03-12,1,NA,2020-07-07,1.986,1.562,1784.058,TRUE,5,2020-07-14,"TRUE","good",2020-01-30,11,NA
"19A0077",2020-03-12,1,NA,2020-07-07,1.515,0.463,19.776,FALSE,5,2020-07-14,"TRUE","good",2020-01-27,4,NA
"19A0133",2020-03-12,1,NA,2020-07-07,1.783,1.355,811.043,TRUE,5,2020-07-14,"FALSE","nothing there",2020-01-23,2,NA
"19A0025",2020-03-12,1,NA,2020-07-07,1.658,1.479,2665.27,TRUE,5,2020-07-14,"FALSE","fragments",2020-01-23,1,NA
"19A0439",2020-03-12,1,NA,2020-07-07,2.042,2.159,1915.716,TRUE,5,2020-07-14,"TRUE","good",2020-01-27,6,NA
"19A0399",2020-03-12,1,NA,2020-07-07,1.871,1.347,1865.285,TRUE,5,2020-07-14,"TRUE","nothing there",2020-01-29,10,NA
"19A0031",2020-03-12,1,NA,2020-07-07,2.004,2.106,1781.498,TRUE,6,2020-07-14,"TRUE","good",2020-01-23,2,NA
"19A0022",2020-03-12,1,NA,2020-07-07,1.994,1.828,1848.526,TRUE,6,2020-07-14,"TRUE","good",2020-01-30,10,NA
"19A0082",2020-03-12,1,NA,2020-07-07,1.964,2.026,2209.8,TRUE,6,2020-07-14,"TRUE","good",2020-01-27,5,NA
"19A0385",2020-03-12,1,NA,2020-07-07,1.97,1.55,2199.672,TRUE,6,2020-07-14,"TRUE","good",2020-01-31,14,NA
"19A0344",2020-03-12,1,"handwritten plot number",2020-07-07,1.735,0.595,60.058,FALSE,6,2020-07-14,"TRUE","good",2020-01-29,9,"2ml barcoded tubes tossed and redone because of possible mixup"
"19A0054",2020-03-12,1,NA,2020-07-07,2.026,1.713,832.524,TRUE,6,2020-07-14,"TRUE","good",2020-01-22,4,NA
"19A0199",2020-03-12,1,NA,2020-07-07,1.923,0.836,178.026,FALSE,6,2020-07-14,"FALSE","nothing there",2020-01-30,12,NA
"19A0430",2020-03-12,1,NA,2020-07-07,2.094,1.712,918.852,TRUE,6,2020-07-14,"TRUE","borderline",2020-01-27,6,NA
"19A0381",2020-03-12,1,NA,2020-07-07,1.993,2.045,708.134,TRUE,6,2020-07-14,"TRUE","nothing there",2020-02-03,18,NA
"19A0209",2020-03-12,1,NA,2020-07-07,1.967,1.611,993.218,TRUE,6,2020-07-14,"TRUE","nothing there",2020-01-27,7,NA
"19A0351",2020-03-12,1,NA,2020-07-07,2.206,1.64,990.227,TRUE,6,2020-07-14,"TRUE","nothing there",2020-01-31,16,NA
"19A0297",2020-03-12,1,NA,2020-07-07,2.062,2.026,604.991,TRUE,6,2020-07-14,"FALSE","fragments",2020-01-28,9,NA
"19A0092",2020-03-12,1,NA,2020-07-07,1.636,0.884,241.012,FALSE,6,2020-07-14,"TRUE","good",2020-01-30,12,NA
"19A0260",2020-03-12,1,NA,2020-07-07,1.43,1.203,2476.454,FALSE,6,2020-07-14,"FALSE","fragments",2020-02-03,18,NA
"19A0215",2020-03-12,1,NA,2020-07-07,2.034,1.793,2217.25,TRUE,6,2020-07-14,"TRUE","good",2020-01-28,8,NA
"19A0110",2020-03-12,1,NA,2020-07-07,1.654,1.329,803.156,TRUE,6,2020-07-14,"FALSE","fragments",2020-01-28,8,NA
"19A0075",2020-03-15,1,NA,2020-07-07,2.08,2.126,1283.988,TRUE,7,2020-07-14,"TRUE","good",2020-01-22,3,NA
"19A0346",2020-03-15,1,"says redo in sharpie",2020-07-07,2.092,2.27,1721.352,TRUE,7,2020-07-14,"TRUE","borderline",2020-02-03,17,"This is a redo"
"19A0308",2020-03-15,1,NA,2020-07-07,2.014,1.715,2274.226,TRUE,7,2020-07-14,"TRUE","good",2020-01-30,11,NA
"19A0218",2020-03-15,1,NA,2020-07-07,1.962,1.762,1437.901,TRUE,7,2020-07-14,"TRUE","good",2020-01-27,6,NA
"19A0184",2020-03-15,1,NA,2020-07-07,1.686,1.308,2516.96,TRUE,7,2020-07-14,"FALSE","fragments",2020-01-30,12,NA
"19A0134",2020-03-15,1,NA,2020-07-07,1.64,1.442,2605.585,TRUE,7,2020-07-14,"Check","faint",2020-01-28,8,NA
"19A0113",2020-03-15,1,NA,2020-07-07,1.827,1.344,2227.084,TRUE,7,2020-07-14,"TRUE","good",2020-01-28,7,NA
"19A0411",2020-03-15,1,NA,2020-07-07,1.941,1.571,2177.058,TRUE,7,2020-07-14,"TRUE","good",2020-01-31,16,NA
"19A0167",2020-03-15,1,NA,2020-07-07,2.045,2.095,2078.826,TRUE,7,2020-07-14,"TRUE","fragments",2020-01-27,5,NA
"19A0001",2020-03-15,1,NA,2020-07-07,1.765,1.474,2637.961,TRUE,7,2020-07-14,"TRUE","fragments",2020-01-30,13,NA
"19A0131",2020-03-15,1,NA,2020-07-07,1.961,1.535,2256.449,TRUE,7,2020-07-14,"TRUE","fragments",2020-01-27,6,NA
"19A0012_1",2020-03-15,1,NA,2020-07-07,1.732,0.714,15.618,FALSE,7,2020-07-14,"FALSE","faint",2020-01-22,3,"from sample harvested 8/22"
"19A0117",2020-03-15,1,NA,2020-07-07,2.021,1.681,1283.059,TRUE,7,2020-07-14,"TRUE","borderline",2020-01-23,1,NA
"19A0405",2020-03-15,1,NA,2020-07-07,1.97,1.631,2263.416,TRUE,7,2020-07-14,"TRUE","borderline",2020-01-30,12,NA
"19A0045",2020-03-15,1,NA,2020-07-07,2.019,1.86,2290.756,TRUE,7,2020-07-14,"TRUE","borderline",2020-01-23,2,NA
"19A0041",2020-03-15,1,NA,2020-07-07,1.976,1.595,2283.192,TRUE,7,2020-07-14,"TRUE","borderline",2020-01-22,4,NA
"19A0438",2020-03-15,1,NA,2020-07-07,1.971,1.31,1981.516,TRUE,8,2020-07-14,"TRUE","good",2020-01-30,12,NA
"19A0404",2020-03-15,1,NA,2020-07-07,2.062,2.272,1350.289,TRUE,8,2020-07-14,"TRUE","good",2020-02-03,18,NA
"19A0410",2020-03-15,1,NA,2020-07-07,1.866,1.634,2577.144,TRUE,8,2020-07-14,"TRUE","borderline",2020-01-29,10,NA
"19A0111",2020-03-15,1,NA,2020-07-07,1.925,1.784,2341.678,TRUE,8,2020-07-14,"TRUE","borderline",2020-01-31,14,NA
"19A0348",2020-03-15,1,NA,2020-07-07,1.935,1.683,2287.733,TRUE,8,2020-07-14,"FALSE","fragments",2020-01-31,15,NA
"19A0178",2020-03-15,1,NA,2020-07-07,1.947,1.759,1553.686,TRUE,8,2020-07-14,"TRUE","good",2020-01-27,6,NA
"19A0200",2020-03-15,1,NA,2020-07-07,1.986,1.358,1138.976,TRUE,8,2020-07-14,"FALSE","fragments",2020-01-27,5,NA
"19A0423",2020-03-15,1,NA,2020-07-07,1.901,1.314,2217.791,TRUE,8,2020-07-14,"TRUE","faint",2020-02-03,17,NA
"19A0120",2020-06-18,1,"junk in bottom day 2",2020-07-09,1.78,0.753,31.752,FALSE,NA,NA,NA,NA,2020-01-27,5,NA
"19A0372",2020-06-18,1,"junk in bottom day 2",2020-07-09,1.912,1.131,63.804,FALSE,NA,NA,NA,NA,2020-01-31,16,NA
"19A0420",2020-06-18,1,NA,2020-07-09,1.93,1.117,1347.983,TRUE,NA,NA,NA,NA,2020-02-03,18,NA
"19A0333",2020-06-18,1,"junk in bottom day2",2020-07-09,2.005,1.367,79.497,FALSE,NA,NA,NA,NA,2020-01-27,7,NA
"19A0081",2020-06-18,1,NA,2020-07-09,2.108,1.904,1566.515,TRUE,NA,NA,NA,NA,2020-01-23,2,NA
"19A0345",2020-06-18,1,NA,2020-07-09,2.028,1.267,956.792,TRUE,NA,NA,NA,NA,2020-01-31,14,NA
"19A0320",2020-06-18,1,NA,2020-07-09,1.964,1.532,343.359,TRUE,NA,NA,NA,NA,2020-01-29,9,NA
"19A0287",2020-06-18,1,NA,2020-07-09,0.845,0.131,3.22,FALSE,NA,NA,NA,NA,2020-01-27,5,NA
"19A0052",2020-06-18,1,NA,2020-07-09,2.024,1.263,1137.895,TRUE,NA,NA,NA,NA,2020-01-30,10,NA
"19A0406",2020-06-18,2,NA,2020-07-09,2.053,1.512,1581.9,TRUE,NA,NA,NA,NA,2020-01-31,15,NA
"19A0355",2020-06-18,2,NA,2020-07-09,2.034,1.359,959.951,TRUE,NA,NA,NA,NA,2020-01-30,13,NA
"19A0153",2020-06-18,2,NA,2020-07-09,2.054,1.437,1293.626,TRUE,NA,NA,NA,NA,2020-01-30,10,NA
"19A0151",2020-06-18,2,NA,2020-07-09,1.945,2.003,1107.919,TRUE,NA,NA,NA,NA,2020-01-27,4,NA
"19A0456",2020-06-18,2,NA,2020-07-09,2.054,1.524,844.919,TRUE,NA,NA,NA,NA,2020-01-31,14,NA
"19A0212",2020-06-18,2,NA,2020-07-09,2.042,1.932,1843.557,TRUE,NA,NA,NA,NA,2020-01-23,1,NA
"19A0349",2020-06-18,2,NA,2020-07-09,2.07,2.174,1556.674,TRUE,NA,NA,NA,NA,2020-01-30,11,NA
"19A0251",2020-06-18,2,NA,2020-07-09,2.013,1.172,918.583,TRUE,NA,NA,NA,NA,2020-01-28,9,NA
"19A0460",2020-06-18,2,NA,2020-07-09,2.044,1.799,1834.67,TRUE,NA,NA,NA,NA,2020-01-30,12,NA
"19A0006",2020-06-18,2,NA,2020-07-09,2.047,1.387,999.521,TRUE,NA,NA,NA,NA,2020-01-23,1,NA
"19A0205",2020-06-18,2,NA,2020-07-09,2.058,1.437,815.697,TRUE,NA,NA,NA,NA,2020-01-30,11,NA
"19A0008",2020-06-18,2,NA,2020-07-09,1.985,1.163,919.919,TRUE,NA,NA,NA,NA,2020-01-22,4,NA
"19A0462",2020-06-18,2,NA,2020-07-09,1.99,1.152,1277.068,TRUE,NA,NA,NA,NA,2020-01-30,13,NA
"19A0190",2020-06-18,2,NA,2020-07-09,1.991,1.321,1282.122,TRUE,NA,NA,NA,NA,2020-01-27,7,NA
"19A0032",2020-06-18,2,NA,2020-07-09,2.018,1.569,349.252,TRUE,NA,NA,NA,NA,2020-01-23,2,NA
"19A0356",2020-06-21,2,NA,2020-07-09,2.015,1.325,892.236,TRUE,NA,NA,NA,NA,2020-01-31,16,NA
"19A0030",2020-06-21,2,NA,2020-07-09,2.037,1.319,1017.836,TRUE,NA,NA,NA,NA,2020-01-28,7,NA
"19A0115",2020-06-21,2,NA,2020-07-09,2.035,1.77,1313.514,TRUE,NA,NA,NA,NA,2020-01-27,7,NA
"19A0296",2020-06-21,2,NA,2020-07-09,2.101,1.818,665.461,TRUE,NA,NA,NA,NA,2020-01-30,13,NA
"19A0343",2020-06-21,2,NA,2020-07-09,1.999,1.343,331.684,TRUE,NA,NA,NA,NA,2020-01-27,5,NA
"19A0259",2020-06-21,2,NA,2020-07-09,2.014,1.349,451.067,TRUE,NA,NA,NA,NA,2020-01-31,14,NA
"19A0166",2020-06-21,2,NA,2020-07-09,2.006,1.464,472.198,TRUE,NA,NA,NA,NA,2020-01-27,5,NA
"19A0222",2020-06-21,2,NA,2020-07-09,1.996,1.382,683.437,TRUE,NA,NA,NA,NA,2020-01-28,8,NA
"19A0262",2020-06-21,2,NA,2020-07-09,1.991,1.337,508.988,TRUE,NA,NA,NA,NA,2020-01-30,13,NA
"19A0122",2020-06-21,2,NA,2020-07-09,2.055,1.525,1439.722,TRUE,NA,NA,NA,NA,2020-01-22,3,NA
"19A0163",2020-06-21,2,NA,2020-07-09,1.944,1.413,69.326,FALSE,NA,NA,NA,NA,2020-01-27,6,NA
"19A0374",2020-06-21,2,NA,2020-07-09,2.007,1.413,913.63,TRUE,NA,NA,NA,NA,2020-01-31,14,NA
"19A0455",2020-06-21,2,NA,2020-07-09,2.017,1.665,1399.935,TRUE,NA,NA,NA,NA,2020-01-31,14,NA
"19A0394",2020-06-21,2,NA,2020-07-09,2.006,1.552,823.988,TRUE,NA,NA,NA,NA,2020-01-29,10,NA
"19A0225",2020-06-21,2,NA,2020-07-09,2.026,1.548,1560.334,TRUE,NA,NA,NA,NA,2020-01-31,15,NA
"19A0435",2020-06-21,2,NA,2020-07-09,2.012,1.642,845.502,TRUE,NA,NA,NA,NA,2020-01-31,16,NA
"19A0229",2020-06-21,2,NA,2020-07-09,2.008,1.282,1209.552,TRUE,NA,NA,NA,NA,2020-01-31,14,NA
"19A0303",2020-06-21,2,"says redo in sharpie",2020-07-09,1.997,1.345,1428.1,TRUE,NA,NA,NA,NA,2020-02-03,17,"This is a redo"
"19A0316",2020-06-21,2,NA,2020-07-09,2.021,1.511,1074.644,TRUE,NA,NA,NA,NA,2020-01-30,11,NA
"19A0272",2020-06-21,2,NA,2020-07-09,2.041,1.548,1171.154,TRUE,NA,NA,NA,NA,2020-01-31,15,NA
"19A0069",2020-06-21,2,NA,2020-07-09,2.044,1.649,821.997,TRUE,NA,NA,NA,NA,2020-01-23,3,NA
"19A0108",2020-06-21,2,NA,2020-07-09,2.073,1.987,1241.578,TRUE,NA,NA,NA,NA,2020-01-23,3,NA
"19A0050",2020-06-21,2,NA,2020-07-09,2.024,2.072,862.415,TRUE,NA,NA,NA,NA,2020-01-27,5,NA
"19A0401",2020-06-21,2,NA,2020-07-09,1.969,1.111,846.786,TRUE,NA,NA,NA,NA,2020-02-03,18,NA
"19A0182",2020-06-22,2,NA,2020-07-09,1.979,0.99,207.68,FALSE,NA,NA,NA,NA,2020-02-03,17,NA
"19A0159",2020-06-22,2,NA,2020-07-09,1.99,1.223,981.206,TRUE,NA,NA,NA,NA,2020-01-23,1,NA
"19A0452",2020-06-22,2,NA,2020-07-09,2.052,1.447,569.343,TRUE,NA,NA,NA,NA,2020-01-30,10,NA
"19A0324",2020-06-22,2,NA,2020-07-09,2.019,1.152,387.471,TRUE,NA,NA,NA,NA,2020-01-29,9,NA
"19A0040",2020-06-22,2,NA,2020-07-09,2.084,2.133,542.147,TRUE,NA,NA,NA,NA,2020-01-23,1,NA
"19A0360",2020-06-22,2,NA,2020-07-09,2.073,2.133,633.127,TRUE,NA,NA,NA,NA,2020-01-27,7,"7 kernels, polycon empty"
"19A0103",2020-06-22,2,NA,2020-07-09,2.083,2.094,559.606,TRUE,NA,NA,NA,NA,2020-01-30,10,NA
"19A0024",2020-06-22,2,NA,2020-07-09,2.051,1.681,600.013,TRUE,NA,NA,NA,NA,2020-01-27,5,NA
"19A0047",2020-06-22,2,NA,2020-07-09,2.025,1.278,484.103,TRUE,NA,NA,NA,NA,2020-01-22,3,NA
"19A0193",2020-06-22,2,NA,2020-07-09,2.005,1.146,1118.646,TRUE,NA,NA,NA,NA,2020-02-03,17,NA
"19A0231",2020-06-22,2,"junk",2020-07-09,2.02,1.224,1103.111,TRUE,NA,NA,NA,NA,2020-01-28,8,NA
"19A0365",2020-06-22,2,"junk",2020-07-09,1.677,0.585,37.111,FALSE,NA,NA,NA,NA,2020-01-31,16,NA
"19A0256",2020-06-22,2,NA,2020-07-09,2.072,1.688,883.769,TRUE,NA,NA,NA,NA,2020-01-31,15,NA
"19A0277",2020-06-22,2,NA,2020-07-09,2.014,1.341,655.812,TRUE,NA,NA,NA,NA,2020-01-30,11,NA
"19A0255",2020-06-22,2,NA,2020-07-09,2.065,1.422,1421.439,TRUE,NA,NA,NA,NA,2020-01-31,13,NA
"19A0160",2020-06-22,2,NA,2020-07-09,2.033,1.289,1100.976,TRUE,NA,NA,NA,NA,2020-01-30,10,NA
"19A0119",2020-06-22,2,NA,2020-07-09,1.997,1.143,339.416,FALSE,NA,NA,NA,NA,2020-01-30,12,NA
"19A0424",2020-06-22,2,NA,2020-07-09,2.041,1.446,537.057,TRUE,NA,NA,NA,NA,2020-01-29,10,NA
"19A0121",2020-06-22,2,NA,2020-07-09,2.051,1.373,882.782,TRUE,NA,NA,NA,NA,2020-01-28,8,NA
"19A0240",2020-06-22,2,"junk",2020-07-09,2.006,1,202.026,FALSE,NA,NA,NA,NA,2020-01-23,1,NA
"19A0334",2020-06-22,2,NA,2020-07-09,2.025,1.242,1191.795,TRUE,NA,NA,NA,NA,2020-01-29,9,NA
"19A0441",2020-06-22,2,"junk",2020-07-09,1.982,1.107,919.055,TRUE,NA,NA,NA,NA,2020-01-31,16,NA
"19A0268",2020-06-22,2,NA,2020-07-09,1.997,1.141,1181.346,TRUE,NA,NA,NA,NA,2020-01-28,9,NA
"19A0099",2020-06-22,2,NA,2020-07-09,1.97,1.179,1405.015,TRUE,NA,NA,NA,NA,2020-01-27,4,NA
"19A0382",2020-06-23,2,NA,2020-07-14,1.734,0.508,147.067,FALSE,NA,NA,NA,NA,2020-01-31,15,NA
"19A0093",2020-06-23,2,NA,2020-07-14,1.55,0.399,33.495,FALSE,NA,NA,NA,NA,2020-01-23,2,NA
"19A0181",2020-06-23,2,NA,2020-07-14,1.58,0.386,47.16,FALSE,NA,NA,NA,NA,2020-01-23,1,NA
"19A0285",2020-06-23,2,NA,2020-07-14,1.669,0.447,71.24,FALSE,NA,NA,NA,NA,2020-01-30,11,NA
"19A0459",2020-06-23,2,NA,2020-07-14,1.739,0.49,214.051,FALSE,NA,NA,NA,NA,2020-01-30,12,NA
"19A0053",2020-06-23,2,NA,2020-07-14,1.398,0.324,20.746,FALSE,NA,NA,NA,NA,2020-01-27,5,NA
"19A0010",2020-06-23,2,NA,2020-07-14,0.795,0.126,4.946,FALSE,NA,NA,NA,NA,2020-01-22,3,NA
"19A0369",2020-06-23,2,NA,2020-07-14,1.561,0.373,38.076,FALSE,NA,NA,NA,NA,2020-01-30,11,NA
"19A0220",2020-06-23,2,NA,2020-07-14,0.745,0.121,6.397,FALSE,NA,NA,NA,NA,2020-01-27,6,NA
"19A0444",2020-06-23,2,NA,2020-07-14,1.697,0.477,159.296,FALSE,NA,NA,NA,NA,2020-02-03,17,NA
"19A0233",2020-06-23,2,NA,2020-07-14,0.714,0.118,3.24,FALSE,NA,NA,NA,NA,2020-01-28,9,NA
"19A0396",2020-06-23,2,NA,2020-07-14,1.581,0.408,35.909,FALSE,NA,NA,NA,NA,2020-01-30,13,NA
"19A0107",2020-06-23,2,"junk",2020-07-14,0.641,0.115,3.175,FALSE,NA,NA,NA,NA,2020-01-23,2,NA
"19A0035",2020-06-23,2,"junk",2020-07-14,1.431,0.354,31.475,FALSE,NA,NA,NA,NA,2020-01-28,7,NA
"19A0282",2020-06-23,2,"junk",2020-07-14,0.744,0.13,4.544,FALSE,NA,NA,NA,NA,2020-01-30,13,NA
"19A0096_1",2020-06-23,2,NA,2020-07-14,1.732,0.481,157.028,FALSE,NA,NA,NA,NA,2020-01-28,7,"from sample harvested 9/6/2019"
"19A0246",2020-06-23,2,"junk",2020-07-14,1.787,0.503,202.889,FALSE,NA,NA,NA,NA,2020-02-03,18,NA
"19A0072",2020-06-23,2,NA,2020-07-14,1.651,0.461,62.318,FALSE,NA,NA,NA,NA,2020-01-23,1,NA
"19A0042",2020-06-23,3,"junk",2020-07-14,1.761,0.495,188.432,FALSE,NA,NA,NA,NA,2020-01-22,3,NA
"19A0257",2020-06-23,3,NA,2020-07-14,1.708,0.483,123.083,FALSE,2,2020-07-10,"FALSE",NA,2020-01-27,7,NA
"19A0095",2020-06-23,3,"junk",2020-07-14,1.572,0.389,22.915,FALSE,NA,NA,NA,NA,2020-01-23,2,NA
"19A0362",2020-06-23,3,"junk",2020-07-14,0.825,0.143,5.405,FALSE,NA,NA,NA,NA,2020-01-29,9,NA
"19A0413",2020-06-23,3,NA,2020-07-14,1.71,0.479,132.415,FALSE,NA,NA,NA,NA,2020-01-30,12,NA
"19A0322",2020-06-23,3,"junk",2020-07-14,1.187,0.249,9.346,FALSE,NA,NA,NA,NA,2020-01-23,1,NA
"19A0242",2020-06-24,3,NA,2020-07-14,1.973,1.042,384.976,TRUE,NA,NA,NA,NA,2020-01-30,12,NA
"19A0364",2020-06-24,3,NA,2020-07-14,1.977,0.953,330.289,TRUE,NA,NA,NA,NA,2020-02-03,18,NA
"19A0350",2020-06-24,3,NA,2020-07-14,1.949,0.987,299.177,FALSE,NA,NA,NA,NA,2020-01-31,16,NA
"19A0194",2020-06-24,3,NA,2020-07-14,1.952,0.921,348.339,FALSE,NA,NA,NA,NA,2020-01-28,8,NA
"19A0158",2020-06-24,3,NA,2020-07-14,1.941,0.892,661.785,FALSE,2,2020-07-10,"TRUE","good",2020-01-28,8,NA
"19A0278",2020-06-24,3,NA,2020-07-14,1.858,0.727,488.251,FALSE,NA,NA,NA,NA,2020-01-31,14,NA
"19A0015",2020-06-24,3,NA,2020-07-14,2.055,1.244,538.492,TRUE,NA,NA,NA,NA,2020-01-27,4,NA
"19A0244",2020-06-24,3,NA,2020-07-14,2.101,2.107,383.82,TRUE,NA,NA,NA,NA,2020-01-28,9,NA
"19A0059_2",2020-06-24,3,"says 59-2 harv 9/20 in sharpie",2020-07-14,1.974,0.987,510.607,TRUE,NA,NA,NA,NA,2020-01-31,16,"sample harvested 9/20"
"19A0238",2020-06-24,3,NA,2020-07-14,2.059,2.033,729.812,TRUE,NA,NA,NA,NA,2020-01-31,15,NA
"19A0228",2020-06-24,3,NA,2020-07-14,1.997,0.972,534.602,TRUE,NA,NA,NA,NA,2020-01-27,7,NA
"19A0265",2020-06-24,3,NA,2020-07-14,2.022,1.105,539.291,TRUE,NA,NA,NA,NA,2020-01-27,7,NA
"19A0080",2020-06-24,3,NA,2020-07-14,2.104,2.151,1324.763,TRUE,NA,NA,NA,NA,2020-01-31,16,NA
"19A0090",2020-06-24,3,NA,2020-07-14,2.109,2.139,1091.82,TRUE,2,2020-07-10,"TRUE","good",2020-01-27,5,NA
"19A0250",2020-06-24,3,NA,2020-07-14,2.01,1.202,1312.26,TRUE,NA,NA,NA,NA,2020-01-22,4,NA
"19A0432",2020-06-24,3,NA,2020-07-14,1.94,0.857,456.3,FALSE,NA,NA,NA,NA,2020-02-03,18,NA
"19A0056",2020-06-24,3,NA,2020-07-14,1.942,1.007,1041.441,TRUE,NA,NA,NA,NA,2020-01-30,13,NA
"19A0352",2020-06-24,3,NA,2020-07-14,2.088,1.975,865.111,TRUE,NA,NA,NA,NA,2020-01-27,7,NA
"19A0331",2020-06-24,3,"says redo in sharpie",2020-07-14,1.971,1.098,1313.442,TRUE,NA,NA,NA,NA,2020-02-03,17,"This is a redo"
"19A0421",2020-06-24,3,NA,2020-07-14,1.969,1.045,1008.01,TRUE,NA,NA,NA,NA,2020-01-29,10,NA
"19A0291",2020-06-24,3,NA,2020-07-14,1.936,0.866,485.344,FALSE,NA,NA,NA,NA,2020-01-31,14,NA
"19A0457",2020-06-24,3,NA,2020-07-14,1.97,0.89,552.826,FALSE,NA,NA,NA,NA,2020-01-31,16,NA
"19A0284",2020-06-24,3,NA,2020-07-14,2.017,1.138,787.447,TRUE,2,2020-07-10,"TRUE","good",2020-01-23,1,NA
"19A0276",2020-06-24,3,NA,2020-07-14,2.115,1.949,195.778,FALSE,NA,NA,NA,NA,2020-01-28,9,NA
"19A0105",2020-06-28,3,NA,2020-07-14,2.035,1.478,678.955,TRUE,NA,NA,NA,NA,2020-01-23,1,NA
"19A0048",2020-06-28,3,NA,2020-07-14,2.017,1.356,593.044,TRUE,NA,NA,NA,NA,2020-01-23,1,NA
"19A0327",2020-06-28,3,NA,2020-07-14,2.061,2.162,658.519,TRUE,NA,NA,NA,NA,2020-01-31,14,NA
"19A0198",2020-06-28,3,NA,2020-07-14,2.053,1.826,248.87,FALSE,NA,NA,NA,NA,2020-01-27,4,NA
"19A0100",2020-06-28,3,NA,2020-07-14,2.099,1.672,1366.95,TRUE,NA,NA,NA,NA,2020-01-30,10,NA
"19A0002",2020-06-28,3,NA,2020-07-14,2.094,2.185,744.225,TRUE,NA,NA,NA,NA,2020-01-30,13,NA
"19A0407",2020-06-28,3,NA,2020-07-14,2.052,1.563,1313.123,TRUE,NA,NA,NA,NA,2020-02-03,18,NA
"19A0152",2020-06-28,3,NA,2020-07-14,2.039,1.309,851.922,TRUE,2,2020-07-10,"TRUE","good",2020-01-22,3,NA
"19A0013",2020-06-28,3,NA,2020-07-14,2.059,2.146,1051.498,TRUE,NA,NA,NA,NA,2020-01-30,12,NA
"19A0046",2020-06-28,3,NA,2020-07-14,2.024,1.219,982.637,TRUE,NA,NA,NA,NA,2020-01-28,7,NA
"19A0211",2020-06-28,3,NA,2020-07-14,1.753,0.437,963.191,FALSE,NA,NA,NA,NA,2020-01-27,6,NA
"19A0102",2020-06-28,3,NA,2020-07-14,2.041,1.777,397.131,TRUE,NA,NA,NA,NA,2020-01-23,2,NA
"19A0431",2020-06-28,3,NA,2020-07-14,2.041,1.485,897.348,TRUE,NA,NA,NA,NA,2020-01-31,14,NA
"19A0060",2020-06-28,3,NA,2020-07-14,2.069,1.624,1147.931,TRUE,NA,NA,NA,NA,2020-01-22,4,NA
"19A0039",2020-06-28,3,NA,2020-07-14,2.061,2.181,838.386,TRUE,NA,NA,NA,NA,2020-01-23,2,NA
"19A0210",2020-06-28,3,NA,2020-07-14,2.027,1.39,907.018,TRUE,NA,NA,NA,NA,2020-01-27,6,NA
"19A0130",2020-06-28,3,NA,2020-07-14,2.036,1.534,696.299,TRUE,2,2020-07-10,"TRUE","good",2020-01-23,3,NA
"19A0071",2020-06-28,3,NA,2020-07-14,2.053,2.168,579.054,TRUE,NA,NA,NA,NA,2020-01-30,10,NA
"19A0076",2020-06-28,3,NA,2020-07-14,1.834,1.17,43.319,FALSE,NA,NA,NA,NA,2020-01-23,1,NA
"19A0009",2020-06-28,3,NA,2020-07-14,2.016,1.489,314.671,TRUE,NA,NA,NA,NA,2020-01-28,7,NA
"19A0400",2020-06-28,3,NA,2020-07-14,2.087,1.498,1203.077,TRUE,NA,NA,NA,NA,2020-02-03,17,NA
"19A0195",2020-06-28,3,NA,2020-07-14,2.052,2.109,532.351,TRUE,NA,NA,NA,NA,2020-01-27,5,NA
"19A0221",2020-06-28,3,NA,2020-07-14,1.866,1.239,38.226,FALSE,NA,NA,NA,NA,2020-01-31,13,NA
"19A0318",2020-06-28,3,NA,2020-07-14,2.05,2.209,728.428,TRUE,NA,NA,NA,NA,2020-01-30,11,NA
"19A0247",2020-06-29,3,NA,2020-07-14,2.053,1.38,663.466,TRUE,NA,NA,NA,NA,2020-02-03,17,NA
"19A0192",2020-06-29,3,NA,2020-07-14,2.014,1.112,489.528,TRUE,2,2020-07-10,"TRUE","good",2020-01-31,15,NA
"19A0219",2020-06-29,3,NA,2020-07-14,2.025,1.233,540.776,TRUE,NA,NA,NA,NA,2020-01-28,8,NA
"19A0149",2020-06-29,3,NA,2020-07-14,2.074,1.706,1078.435,TRUE,NA,NA,NA,NA,2020-01-23,2,NA
"19A0363",2020-06-29,3,NA,2020-07-14,1.633,0.543,16.07,FALSE,NA,NA,NA,NA,2020-01-29,9,NA
"19A0412",2020-06-29,3,NA,2020-07-14,2.004,1.264,584.72,TRUE,NA,NA,NA,NA,2020-01-31,15,NA
"19A0154",2020-06-29,3,NA,2020-07-14,2.089,1.755,958.516,TRUE,NA,NA,NA,NA,2020-01-27,5,NA
"19A0197",2020-06-29,3,NA,2020-07-14,2.025,1.311,282.874,FALSE,NA,NA,NA,NA,2020-01-28,8,NA
"19A0176",2020-06-29,3,NA,2020-07-14,2.09,1.731,443.401,TRUE,NA,NA,NA,NA,2020-01-31,13,NA
"19A0183",2020-06-29,3,NA,2020-07-14,2.027,1.287,436.118,TRUE,NA,NA,NA,NA,2020-01-30,11,NA
"19A0078",2020-06-29,3,NA,2020-07-14,2.067,1.732,433.367,TRUE,2,2020-07-10,"TRUE","good",2020-01-27,6,NA
"19A0007",2020-06-29,3,NA,2020-07-14,2.059,1.916,985.53,TRUE,NA,NA,NA,NA,2020-01-30,12,NA
"19A0448",2020-06-29,3,NA,2020-07-14,2.102,1.59,833.611,TRUE,NA,NA,NA,NA,2020-01-30,12,NA
"19A0203",2020-06-29,3,NA,2020-07-14,2.043,2.176,712.104,TRUE,NA,NA,NA,NA,2020-01-27,4,NA
"19A0156",2020-06-29,3,NA,2020-07-14,2.049,1.374,1048.414,TRUE,NA,NA,NA,NA,2020-01-28,8,NA
"19A0378",2020-06-29,3,NA,2020-07-14,2.064,1.238,791.429,TRUE,NA,NA,NA,NA,2020-01-31,14,NA
"19A0191",2020-06-29,3,NA,2020-07-14,2.08,1.644,579.458,TRUE,NA,NA,NA,NA,2020-01-31,15,NA
"19A0083",2020-06-29,3,NA,2020-07-14,2.076,1.469,1144.704,TRUE,NA,NA,NA,NA,2020-01-22,3,"7 samples in plastic bag for now"
"19A0301",2020-06-29,3,NA,2020-07-14,2.043,1.412,453.371,TRUE,NA,NA,NA,NA,2020-01-30,13,NA
"19A0074",2020-06-29,3,NA,2020-07-14,2.068,1.481,1308.835,TRUE,NA,NA,NA,NA,2020-01-27,6,NA
"19A0055",2020-06-29,3,NA,2020-07-14,2.061,1.347,1089.555,TRUE,NA,NA,NA,NA,2020-01-23,2,NA
"19A0302",2020-06-29,3,NA,2020-07-14,2.059,1.397,730.057,TRUE,NA,NA,NA,NA,2020-01-30,11,NA
"19A0033",2020-06-29,3,NA,2020-07-14,2.069,1.651,1124.681,TRUE,NA,NA,NA,NA,2020-01-23,2,NA
"19A0175",2020-06-29,3,NA,2020-07-14,2.036,1.235,766.551,TRUE,NA,NA,NA,NA,2020-02-03,17,NA
"19A0310",2020-06-30,3,NA,2020-07-14,0.782,0.139,2.865,FALSE,NA,NA,NA,NA,2020-01-27,5,NA
"19A0332",2020-06-30,3,NA,2020-07-14,2.076,2.19,863.416,TRUE,NA,NA,NA,NA,2020-01-29,9,NA
"19A0417",2020-06-30,3,NA,2020-07-14,2.036,1.414,661.731,TRUE,NA,NA,NA,NA,2020-01-31,14,NA
"19A0143",2020-06-30,4,NA,2020-07-14,2.072,2.187,661.451,TRUE,2,2020-07-10,"TRUE","good",2020-01-22,4,NA
"19A0016",2020-06-30,4,NA,2020-07-14,2.022,1.479,490.56,TRUE,NA,NA,NA,NA,2020-01-23,2,NA
"19A0458",2020-06-30,4,NA,2020-07-14,2.069,2.208,660.044,TRUE,NA,NA,NA,NA,2020-01-30,12,NA
"19A0347",2020-06-30,4,NA,2020-07-14,2.063,1.411,815.796,TRUE,NA,NA,NA,NA,2020-01-30,12,NA
"19A0267",2020-06-30,4,NA,2020-07-14,2.066,1.414,504.649,TRUE,NA,NA,NA,NA,2020-01-28,9,NA
"19A0021",2020-06-30,4,NA,2020-07-14,2.096,1.848,1571.903,TRUE,NA,NA,NA,NA,2020-01-27,5,NA
"19A0067",2020-06-30,4,NA,2020-07-14,2.07,1.507,1020.803,TRUE,NA,NA,NA,NA,2020-01-22,3,NA
"19A0314",2020-06-30,4,"says redo in sharpie",2020-07-14,2.024,1.231,728.083,TRUE,NA,NA,NA,NA,2020-02-03,17,"This is a redo"
"19A0207",2020-06-30,4,NA,2020-07-14,2.011,1.301,565.28,TRUE,NA,NA,NA,NA,2020-01-31,14,NA
"19A0066",2020-06-30,4,NA,2020-07-15,2.076,1.651,849.977,TRUE,2,2020-07-10,"TRUE","good",2020-01-27,6,NA
"19A0286",2020-06-30,4,NA,2020-07-15,2.043,1.448,755.34,TRUE,NA,NA,NA,NA,2020-01-27,7,NA
"19A0393",2020-06-30,4,NA,2020-07-15,2.044,1.331,764.303,TRUE,NA,NA,NA,NA,2020-02-03,17,NA
"19A0433",2020-06-30,4,NA,2020-07-15,2.013,1.542,1276.614,TRUE,NA,NA,NA,NA,2020-01-31,15,NA
"19A0114",2020-06-30,4,NA,2020-07-15,2.072,1.982,1.982,FALSE,NA,NA,NA,NA,2020-01-23,3,NA
"19A0390",2020-06-30,4,NA,2020-07-15,2.052,2.103,736.352,TRUE,NA,NA,NA,NA,2020-01-29,10,NA
"19A0217",2020-06-30,4,NA,2020-07-15,2.038,1.291,745.938,TRUE,NA,NA,NA,NA,2020-01-27,6,NA
"19A0261",2020-06-30,4,NA,2020-07-15,2.091,1.922,703.267,TRUE,NA,NA,NA,NA,2020-01-30,11,NA
"19A0065",2020-06-30,4,NA,2020-07-15,2.02,1.395,803.185,TRUE,NA,NA,NA,NA,2020-01-27,5,NA
"19A0294",2020-06-30,4,NA,2020-07-15,2.082,1.625,1037.865,TRUE,2,2020-07-10,"TRUE","good",2020-01-30,11,NA
"19A0391",2020-06-30,4,NA,2020-07-15,2.092,2.168,773.544,TRUE,NA,NA,NA,NA,2020-01-31,16,NA
"19A0142",2020-06-30,4,NA,2020-07-15,2.043,1.204,1036.715,TRUE,NA,NA,NA,NA,2020-01-27,5,NA
"19A0281",2020-07-01,4,NA,2020-07-15,1.965,1.059,166.066,FALSE,NA,NA,NA,NA,2020-02-03,18,NA
"19A0101",2020-07-01,4,NA,2020-07-15,2.104,2.182,684.774,TRUE,NA,NA,NA,NA,2020-01-23,3,NA
"19A0028",2020-07-01,4,NA,2020-07-15,2.062,1.799,517.3,TRUE,NA,NA,NA,NA,2020-01-28,7,NA
"19A0313",2020-07-01,4,NA,2020-07-15,2.064,2.191,694.66,TRUE,NA,NA,NA,NA,2020-01-27,6,NA
"19A0453",2020-07-01,4,NA,2020-07-15,2.1,2.19,610.436,TRUE,NA,NA,NA,NA,2020-01-30,12,NA
"19A0004",2020-07-01,4,NA,2020-07-15,1.948,1.277,1111.297,TRUE,NA,NA,NA,NA,2020-01-28,7,NA
"19A0137",2020-07-01,4,NA,2020-07-15,2.048,1.15,1049.807,TRUE,2,2020-07-10,"TRUE","good",2020-01-28,8,NA
"19A0012_2",2020-07-01,4,"2 written in sharpie",2020-07-15,2.093,2.242,883.182,TRUE,NA,NA,NA,NA,2020-01-23,1,"from sample harvested 8/28, wrote a ""2"" on the tubes"
"19A0451",2020-07-01,4,NA,2020-07-15,2.077,1.424,973.549,TRUE,NA,NA,NA,NA,2020-01-30,10,NA
"19A0224",2020-07-01,4,NA,2020-07-15,2.041,1.236,884.302,TRUE,NA,NA,NA,NA,2020-01-23,1,"19A0224_2 was the polycon source but 19A0224_1 is the 5ml and 2ml barcodes"
"19A0187",2020-07-01,4,NA,2020-07-15,2.027,1.342,332.321,TRUE,NA,NA,NA,NA,2020-01-30,12,NA
"19A0386",2020-07-01,4,NA,2020-07-15,2.052,1.273,537.023,TRUE,NA,NA,NA,NA,2020-01-30,13,NA
"19A0086",2020-07-01,4,NA,2020-07-15,2.066,1.625,467.635,TRUE,NA,NA,NA,NA,2020-01-27,6,NA
"19A0214",2020-07-01,4,NA,2020-07-15,2.055,1.502,800.337,TRUE,NA,NA,NA,NA,2020-01-28,8,NA
"19A0020",2020-07-01,4,NA,2020-07-15,2.072,1.63,1105.079,TRUE,NA,NA,NA,NA,2020-01-22,4,NA
"19A0299",2020-07-01,4,NA,2020-07-15,2.029,1.335,794.05,TRUE,2,2020-07-10,"TRUE","good",2020-01-28,9,NA
"19A0236",2020-07-01,4,NA,2020-07-15,2.073,1.444,921.776,TRUE,NA,NA,NA,NA,2020-01-31,13,NA
"19A0454",2020-07-01,4,NA,2020-07-15,2.057,1.386,934.796,TRUE,NA,NA,NA,NA,2020-01-31,16,NA
"19A0112",2020-07-01,4,NA,2020-07-15,2.099,2.234,769.632,TRUE,NA,NA,NA,NA,2020-01-23,2,NA
"19A0091",2020-07-01,4,NA,2020-07-15,2.076,1.81,1023.653,TRUE,NA,NA,NA,NA,2020-01-22,4,NA
"19A0274",2020-07-01,4,NA,2020-07-15,2.027,1.185,340.027,FALSE,NA,NA,NA,NA,2020-01-27,6,NA
"19A0148",2020-07-01,4,NA,2020-07-15,2.053,1.427,811.411,TRUE,NA,NA,NA,NA,2020-01-28,8,NA
"19A0379",2020-07-01,4,NA,2020-07-15,2.019,1.191,980.468,TRUE,NA,NA,NA,NA,2020-02-03,17,NA
"19A0289",2020-07-01,4,NA,2020-07-15,2.106,1.938,708.697,TRUE,NA,NA,NA,NA,2020-01-31,15,NA
"19A0380",2020-07-02,4,NA,2020-07-15,2.047,1.468,1162.078,TRUE,2,2020-07-10,"TRUE","good",2020-01-31,16,NA
"19A0237",2020-07-02,4,NA,2020-07-15,2.002,1.167,559.109,TRUE,NA,NA,NA,NA,2020-02-03,17,NA
"19A0146",2020-07-02,4,NA,2020-07-15,2.077,2.022,1144.405,TRUE,NA,NA,NA,NA,2020-01-23,1,NA
"19A0026",2020-07-02,4,NA,2020-07-15,2.021,1.497,825.817,TRUE,NA,NA,NA,NA,2020-01-30,12,NA
"19A0027",2020-07-02,4,NA,2020-07-15,2.061,2.167,1713.622,TRUE,NA,NA,NA,NA,2020-01-31,16,NA
"19A0089",2020-07-02,4,NA,2020-07-15,2.062,1.2,1336.951,TRUE,NA,NA,NA,NA,2020-01-28,8,NA
"19A0414",2020-07-02,4,NA,2020-07-15,2.043,1.741,1213.748,TRUE,NA,NA,NA,NA,2020-02-03,18,NA
"19A0084",2020-07-02,4,NA,2020-07-15,2.051,1.507,1443.778,TRUE,NA,NA,NA,NA,2020-01-23,2,NA
"19A0011",2020-07-02,4,NA,2020-07-15,2.053,1.658,1179.784,TRUE,NA,NA,NA,NA,2020-01-23,1,NA
"19A0138",2020-07-02,4,NA,2020-07-15,2.038,1.656,735.981,TRUE,2,2020-07-10,"TRUE","good",2020-01-23,2,NA
"19A0263",2020-07-02,4,NA,2020-07-15,2.08,2.2,1450.523,TRUE,NA,NA,NA,NA,2020-01-30,13,NA
"19A0323",2020-07-02,4,NA,2020-07-15,2.025,1.974,389.943,TRUE,NA,NA,NA,NA,2020-01-29,9,NA
"19A0300",2020-07-02,4,NA,2020-07-15,2.085,2.094,599.845,TRUE,NA,NA,NA,NA,2020-01-27,4,NA
"19A0416",2020-07-02,4,NA,2020-07-15,2.048,1.32,386.361,TRUE,NA,NA,NA,NA,2020-01-31,15,NA
"19A0245",2020-07-02,4,NA,2020-07-15,2.054,1.384,435.684,TRUE,NA,NA,NA,NA,2020-01-31,15,NA
"19A0096_2",2020-07-02,4,"2 written in sharpie",2020-07-15,2.049,1.531,1181.089,TRUE,NA,NA,NA,NA,2020-01-30,13,"from sample harvested 9/11/2019"
"19A0248",2020-07-02,4,NA,2020-07-15,2.051,2.02,668.474,TRUE,NA,NA,NA,NA,2020-01-31,13,NA
"19A0387",2020-07-02,4,NA,2020-07-15,2.017,1.209,542.15,TRUE,NA,NA,NA,NA,2020-01-29,10,NA
"19A0070",2020-07-02,4,NA,2020-07-15,2.066,1.706,1141.963,TRUE,2,2020-07-10,"TRUE","good",2020-01-22,3,NA
"19A0377",2020-07-02,4,NA,2020-07-15,2.055,1.381,940.511,TRUE,NA,NA,NA,NA,2020-01-29,10,NA
"19A0243",2020-07-02,4,NA,2020-07-15,2.024,1.972,484.089,TRUE,NA,NA,NA,NA,2020-01-23,1,NA
"19A0174",2020-07-02,4,NA,2020-07-15,1.999,1.298,1687.265,TRUE,NA,NA,NA,NA,2020-01-30,13,NA
"19A0273",2020-07-02,4,NA,2020-07-15,1.919,1.138,142.822,FALSE,NA,NA,NA,NA,2020-01-22,4,NA
"19A0292",2020-07-02,4,NA,2020-07-15,2.046,1.698,1122.074,TRUE,NA,NA,NA,NA,2020-01-30,11,NA
"19A0239",2020-07-05,4,NA,2020-07-15,2.006,1.012,378.432,FALSE,NA,NA,NA,NA,2020-01-30,11,NA
"19A0094",2020-07-05,4,NA,2020-07-15,2.095,1.917,562.774,TRUE,NA,NA,NA,NA,2020-01-27,5,NA
"19A0128",2020-07-05,4,NA,2020-07-15,2.013,1.237,356.639,TRUE,NA,NA,NA,NA,2020-01-23,1,NA
"19A0304",2020-07-05,4,NA,2020-07-15,1.933,0.838,299.076,FALSE,NA,NA,NA,NA,2020-01-29,9,NA
"19A0206",2020-07-05,4,NA,2020-07-15,2.044,1.346,545.854,TRUE,NA,NA,NA,NA,2020-01-28,8,NA
"19A0384",2020-07-05,4,NA,2020-07-15,2.101,1.477,724.237,TRUE,NA,NA,NA,NA,2020-01-31,14,NA
"19A0298",2020-07-05,4,NA,2020-07-15,2.066,1.41,330.076,TRUE,NA,NA,NA,NA,2020-01-29,9,NA
"19A0019",2020-07-05,4,NA,2020-07-15,2.027,2.041,1486.215,TRUE,NA,NA,NA,NA,2020-01-27,5,NA
"19A0376",2020-07-05,4,NA,2020-07-15,2.067,1.518,376.397,TRUE,NA,NA,NA,NA,2020-01-31,14,NA
"19A0162",2020-07-05,4,NA,2020-07-15,2.101,1.685,465.561,TRUE,NA,NA,NA,NA,2020-01-28,8,NA
"19A0295",2020-07-05,4,NA,2020-07-15,1.987,1.139,234.906,FALSE,NA,NA,NA,NA,2020-01-30,13,NA
"19A0226",2020-07-05,4,NA,2020-07-15,2.084,2.239,1569.543,TRUE,NA,NA,NA,NA,2020-01-30,11,NA
"19A0034",2020-07-05,5,NA,2020-07-15,2.063,1.502,661.091,TRUE,NA,NA,NA,NA,2020-01-27,5,NA
"19A0329",2020-07-05,5,NA,2020-07-15,2.056,1.546,845.101,TRUE,8,2020-07-14,"TRUE","good",2020-01-30,13,NA
"19A0388",2020-07-05,5,NA,2020-07-15,2.042,1.2,894.895,TRUE,NA,NA,NA,NA,2020-01-30,12,NA
"19A0150",2020-07-05,5,NA,2020-07-15,2.027,1.507,920.097,TRUE,NA,NA,NA,NA,2020-01-27,6,NA
"19A0018",2020-07-05,5,NA,2020-07-15,2.101,1.857,1046.454,TRUE,NA,NA,NA,NA,2020-01-27,4,NA
"19A0223",2020-07-05,5,NA,2020-07-15,2.005,1.004,764.519,TRUE,NA,NA,NA,NA,2020-01-31,14,NA
"19A0335",2020-07-05,5,NA,2020-07-15,2.075,1.763,973.301,TRUE,NA,NA,NA,NA,2020-01-27,7,NA
"19A0064",2020-07-05,5,NA,2020-07-15,2.083,2.21,665.271,TRUE,NA,NA,NA,NA,2020-01-27,5,NA
"19A0418",2020-07-05,5,NA,2020-07-15,2.003,1.051,671.849,TRUE,NA,NA,NA,NA,2020-02-03,18,NA
"19A0319",2020-07-05,5,NA,2020-07-15,2.042,1.358,490.609,TRUE,NA,NA,NA,NA,2020-01-30,13,NA
"19A0036",2020-07-05,5,NA,2020-07-15,2.058,1.286,972.775,TRUE,NA,NA,NA,NA,2020-01-23,2,NA
"19A0023",2020-07-05,5,NA,2020-07-15,2.081,1.604,829.624,TRUE,NA,NA,NA,NA,2020-01-28,7,NA
"19A0428",2020-07-06,5,NA,2020-07-15,1.984,1.079,210.365,FALSE,NA,NA,NA,NA,2020-01-30,10,NA
"19A0280",2020-07-06,5,NA,2020-07-15,2.055,1.666,738.398,TRUE,NA,NA,NA,NA,2020-01-31,15,NA
"19A0270",2020-07-06,5,NA,2020-07-15,2.063,1.428,409.113,TRUE,NA,NA,NA,NA,2020-02-03,17,NA
"19A0461",2020-07-06,5,NA,2020-07-15,2.065,1.55,521.355,TRUE,NA,NA,NA,NA,2020-01-31,16,NA
"19A0373",2020-07-06,5,NA,2020-07-15,2.023,1.549,895.574,TRUE,NA,NA,NA,NA,2020-02-03,18,NA
"19A0124",2020-07-06,5,NA,2020-07-15,2.06,2.103,687.519,TRUE,NA,NA,NA,NA,2020-01-23,3,NA
"19A0375",2020-07-06,5,NA,2020-07-15,2.061,1.417,684.989,TRUE,NA,NA,NA,NA,2020-01-31,16,NA
"19A0340",2020-07-06,5,NA,2020-07-15,2.12,2.251,888.898,TRUE,8,2020-07-14,"TRUE","good",2020-01-27,6,NA
"19A0135",2020-07-06,5,NA,2020-07-15,2.059,1.513,753.954,TRUE,NA,NA,NA,NA,2020-01-23,1,NA
"19A0145",2020-07-06,5,NA,2020-07-15,2.047,1.275,1024.27,TRUE,NA,NA,NA,NA,2020-01-30,12,NA
"19A0213",2020-07-06,5,NA,2020-07-15,2.091,1.887,897.537,TRUE,NA,NA,NA,NA,2020-01-22,4,NA
"19A0129",2020-07-06,5,NA,2020-07-15,2.099,1.874,740.425,TRUE,NA,NA,NA,NA,2020-01-23,2,NA
"19A0161",2020-07-06,5,NA,2020-07-15,1.995,1.258,343.104,TRUE,NA,NA,NA,NA,2020-01-28,8,NA
"19A0337",2020-07-06,5,NA,2020-07-15,2.051,1.512,660.605,TRUE,NA,NA,NA,NA,2020-01-27,7,NA
"19A0341",2020-07-06,5,NA,2020-07-15,2.033,1.336,470.688,TRUE,NA,NA,NA,NA,2020-01-29,9,NA
"19A0177",2020-07-06,5,NA,2020-07-15,0.904,0.204,3.722,FALSE,NA,NA,NA,NA,2020-01-30,12,NA
"19A0079",2020-07-06,5,NA,2020-07-15,2.067,1.628,895.019,TRUE,NA,NA,NA,NA,2020-01-22,3,NA
"19A0357",2020-07-06,5,NA,2020-07-15,1.981,0.959,603.258,TRUE,NA,NA,NA,NA,2020-01-31,15,NA
"19A0059_1",2020-07-06,5,"black styrofoam from grinder. had sticker",2020-07-15,2.07,1.574,734.769,TRUE,NA,NA,NA,NA,2020-01-22,3,"4 kernels, black foam in sample, polycon empty, from sample harvested 9/3"
"19A0252",2020-07-06,5,NA,2020-07-15,2.084,1.574,609.888,TRUE,NA,NA,NA,NA,2020-01-23,1,NA
"19A0317",2020-07-06,5,NA,2020-07-15,2.006,1.049,666.829,TRUE,NA,NA,NA,NA,2020-01-30,13,NA
"19A0043",2020-07-06,5,NA,2020-07-15,2.087,2.227,1126.891,TRUE,NA,NA,NA,NA,2020-01-23,2,NA
"19A0306",2020-07-06,5,NA,2020-07-15,2.044,1.263,766.822,TRUE,NA,NA,NA,NA,2020-01-27,6,NA
"19A0442",2020-07-06,5,NA,2020-07-15,2.041,1.335,778.138,TRUE,NA,NA,NA,NA,2020-02-03,17,NA
"19A0409",2020-07-07,5,NA,2020-07-15,2.101,2.183,793.856,TRUE,NA,NA,NA,NA,2020-01-27,6,NA
"19A0367",2020-07-07,5,NA,2020-07-15,2.048,1.418,715.031,TRUE,8,2020-07-14,"TRUE","good",2020-01-31,14,NA
"19A0443",2020-07-07,5,NA,2020-07-15,1.983,1.119,859.433,TRUE,NA,NA,NA,NA,2020-01-31,16,NA
"19A0171",2020-07-07,5,NA,2020-07-15,2.062,1.581,1276.64,TRUE,NA,NA,NA,NA,2020-01-27,6,NA
"19A0140",2020-07-07,5,NA,2020-07-15,2.063,2.039,384.616,TRUE,NA,NA,NA,NA,2020-01-31,14,NA
"19A0325",2020-07-07,5,NA,2020-07-15,2.075,1.54,660.656,TRUE,NA,NA,NA,NA,2020-01-30,11,NA
"19A0389",2020-07-07,5,NA,2020-07-15,2.032,1.335,479.67,TRUE,NA,NA,NA,NA,2020-01-31,16,NA
"19A0017",2020-07-07,5,NA,2020-07-15,2.085,1.983,782.424,TRUE,NA,NA,NA,NA,2020-01-22,4,"black foam in sample"
"19A0447",2020-07-07,5,NA,2020-07-15,2.044,1.395,302.969,TRUE,NA,NA,NA,NA,2020-01-31,15,NA
"19A0427",2020-07-07,5,NA,2020-07-15,2.06,1.339,854.764,TRUE,NA,NA,NA,NA,2020-01-29,10,NA
"19A0097",2020-07-07,5,NA,2020-07-15,2.091,1.706,1116.474,TRUE,NA,NA,NA,NA,2020-01-27,6,NA
"19A0202",2020-07-07,5,NA,2020-07-15,2.099,1.716,756.193,TRUE,NA,NA,NA,NA,2020-01-30,11,NA
"19A0434",2020-07-07,5,NA,2020-07-15,2.065,1.634,701.155,TRUE,NA,NA,NA,NA,2020-01-30,10,NA
"19A0398",2020-07-07,5,NA,2020-07-15,2.055,1.783,871.006,TRUE,NA,NA,NA,NA,2020-01-29,10,NA
"19A0361",2020-07-07,5,"sharpie plot number",2020-07-15,2.045,1.407,632.563,TRUE,NA,NA,NA,NA,2020-01-29,9,"2ml barcoded tubes tossed and redone because of possible mixup"
"19A0450",2020-07-07,5,NA,2020-07-15,2.061,1.73,923.111,TRUE,NA,NA,NA,NA,2020-01-27,5,NA
"19A0440",2020-07-07,5,NA,2020-07-15,2.038,1.311,530.193,TRUE,NA,NA,NA,NA,2020-01-31,15,NA
"19A0315",2020-07-07,5,"says redo in sharpie",2020-07-15,1.984,1.021,666.64,TRUE,NA,NA,NA,NA,2020-02-03,17,"This is a redo"
"19A0172",2020-07-07,5,NA,2020-07-15,2.089,1.625,1058.131,TRUE,NA,NA,NA,NA,2020-01-28,8,NA
"19A0088",2020-07-07,5,NA,2020-07-15,2.109,2.186,655.236,TRUE,NA,NA,NA,NA,2020-01-22,4,NA
"19A0275",2020-07-07,5,NA,2020-07-15,2.053,1.38,888.232,TRUE,NA,NA,NA,NA,2020-01-28,9,NA
"19A0253",2020-07-07,5,NA,2020-07-15,2.049,1.401,569.588,TRUE,NA,NA,NA,NA,2020-02-03,18,NA
"19A0058",2020-07-07,5,NA,2020-07-15,2.038,1.616,697.847,TRUE,NA,NA,NA,NA,2020-01-28,7,NA
"19A0139",2020-07-07,5,NA,2020-07-15,2.056,2.227,899.173,TRUE,NA,NA,NA,NA,2020-01-23,3,NA
"19A0147",2020-07-08,5,NA,2020-07-15,2.093,1.768,918.309,TRUE,NA,NA,NA,NA,2020-01-23,1,NA
"19A0234",2020-07-08,5,NA,2020-07-15,2.011,1.223,595.894,TRUE,NA,NA,NA,NA,2020-01-28,9,NA
"19A0196",2020-07-08,5,NA,2020-07-15,2.076,1.773,426.374,TRUE,NA,NA,NA,NA,2020-01-27,5,NA
"19A0290",2020-07-08,5,NA,2020-07-15,2.009,1.082,601.114,TRUE,NA,NA,NA,NA,2020-01-30,11,NA
"19A0051",2020-07-08,5,NA,2020-07-15,2.024,1.344,610.779,TRUE,8,2020-07-14,"TRUE","good",2020-01-27,5,NA
"19A0235",2020-07-08,5,NA,2020-07-15,2.067,1.696,673.023,TRUE,NA,NA,NA,NA,2020-01-30,11,NA
"19A0395",2020-07-08,5,NA,2020-07-15,2.095,1.615,881.346,TRUE,NA,NA,NA,NA,2020-01-31,16,NA
"19A0436",2020-07-08,5,NA,2020-07-15,1.984,1.25,211.203,FALSE,NA,NA,NA,NA,2020-01-30,10,NA
"19A0216",2020-07-08,5,NA,2020-07-15,2.072,1.534,484.345,TRUE,NA,NA,NA,NA,2020-01-31,14,NA
"19A0144",2020-07-08,5,NA,2020-07-15,2.072,1.553,1384.494,TRUE,NA,NA,NA,NA,2020-01-23,2,NA
"19A0419",2020-07-08,5,NA,2020-07-15,2.011,1.075,790.254,TRUE,NA,NA,NA,NA,2020-02-03,18,NA
"19A0109",2020-07-08,5,NA,2020-07-15,2.108,2.232,1371.811,TRUE,NA,NA,NA,NA,2020-01-22,4,NA
"19A0173",2020-07-08,5,NA,2020-07-15,2.029,1.375,1008.17,TRUE,NA,NA,NA,NA,2020-01-31,14,NA
"19A0188",2020-07-08,5,NA,2020-07-15,2.021,1.657,562.114,TRUE,NA,NA,NA,NA,2020-01-28,8,NA
"19A0170",2020-07-08,5,NA,2020-07-15,2.048,1.719,1327.615,TRUE,NA,NA,NA,NA,2020-01-23,3,NA
"19A0185",2020-07-08,5,NA,2020-07-15,2.055,1.54,787.655,TRUE,NA,NA,NA,NA,2020-01-28,8,NA
"19A0311",2020-07-08,5,"says redo in sharpie",2020-07-15,2.025,1.473,702.157,TRUE,NA,NA,NA,NA,2020-02-03,17,"This is a redo"
"19A0186",2020-07-08,5,NA,2020-07-15,2.025,1.144,708.398,TRUE,NA,NA,NA,NA,2020-01-28,8,NA
"19A0271",2020-07-08,5,NA,2020-07-15,1.923,0.849,688.712,FALSE,NA,NA,NA,NA,2020-01-31,14,NA
"19A0383",2020-07-08,5,NA,2020-07-15,1.937,0.985,181.686,FALSE,NA,NA,NA,NA,2020-01-30,12,NA
"19A0338",2020-07-08,5,NA,2020-07-15,2.059,2.124,624.615,TRUE,NA,NA,NA,NA,2020-01-27,6,NA
"19A0307",2020-07-08,6,NA,2020-07-15,1.995,1.091,929.484,TRUE,NA,NA,NA,NA,2020-01-22,3,NA
"19A0227",2020-07-08,6,NA,2020-07-15,2.055,1.457,890.95,TRUE,NA,NA,NA,NA,2020-02-03,17,NA
"19A0403",2020-07-08,6,NA,2020-07-15,2.055,1.467,694.569,TRUE,8,2020-07-14,"TRUE","good",2020-02-03,18,"From polycon with barcode"
"19A0155",2020-07-09,6,NA,2020-07-15,1.97,0.985,757.251,TRUE,NA,NA,NA,NA,2020-01-30,10,NA
"19A0445",2020-07-09,6,NA,2020-07-15,2.019,1.041,1120.42,TRUE,NA,NA,NA,NA,2020-01-30,10,NA
"19A0125",2020-07-09,6,NA,2020-07-15,1.996,1.085,962.711,TRUE,NA,NA,NA,NA,2020-01-22,4,NA
"19A0029",2020-07-09,6,NA,2020-07-15,2.029,1.195,413.289,TRUE,NA,NA,NA,NA,2020-01-22,3,NA
"19A0037",2020-07-09,6,NA,2020-07-15,2.012,1.562,1446.745,TRUE,NA,NA,NA,NA,2020-01-22,3,NA
"19A0201",2020-07-09,6,NA,2020-07-15,2.088,1.641,1035.388,TRUE,NA,NA,NA,NA,2020-01-30,11,NA
"19A0169",2020-07-09,6,NA,2020-07-15,2.073,2.135,449.86,TRUE,NA,NA,NA,NA,2020-02-03,17,NA
"19A0415",2020-07-09,6,NA,2020-07-15,2.012,1.368,501.59,TRUE,NA,NA,NA,NA,2020-02-03,18,NA
"19A0437",2020-07-09,6,NA,2020-07-15,2.073,1.574,1063.806,TRUE,8,2020-07-14,"TRUE","good",2020-02-03,18,NA
"19A0230",2020-07-09,6,NA,2020-07-15,2.038,1.253,956.757,TRUE,NA,NA,NA,NA,2020-01-28,8,NA
"19A0366",2020-07-09,6,NA,2020-07-15,2.038,1.343,838.469,TRUE,NA,NA,NA,NA,2020-02-03,17,NA
"19A0339",2020-07-09,6,NA,2020-07-15,1.998,1.049,1131.953,TRUE,NA,NA,NA,NA,2020-01-27,7,NA
"19A0126",2020-07-09,6,NA,2020-07-15,2.106,1.761,1713.146,TRUE,NA,NA,NA,NA,2020-01-28,8,NA
"19A0359",2020-07-09,6,NA,2020-07-15,2.009,1.207,983.719,TRUE,NA,NA,NA,NA,2020-01-31,14,NA
"19A0005",2020-07-09,6,NA,2020-07-15,2.045,1.582,1440.658,TRUE,NA,NA,NA,NA,2020-01-22,4,NA
"19A0038",2020-07-09,6,NA,2020-07-15,2.064,2.215,937.763,TRUE,NA,NA,NA,NA,2020-01-22,4,NA
"19A0358",2020-07-09,6,NA,2020-07-15,2.019,1.23,940.273,TRUE,NA,NA,NA,NA,2020-01-31,15,NA
"19A0232",2020-07-09,6,NA,2020-07-15,1.991,1.005,818.592,TRUE,8,2020-07-14,"TRUE","good",2020-01-30,12,NA
"19A0392",2020-07-09,6,NA,2020-07-15,1.852,0.888,52.493,FALSE,NA,NA,NA,NA,2020-02-03,18,NA
"19A0371",2020-07-09,6,NA,2020-07-15,2.05,1.153,1043.349,TRUE,NA,NA,NA,NA,2020-01-31,16,NA
"19A0049",2020-07-09,6,NA,2020-07-15,2.03,1.228,675.951,TRUE,NA,NA,NA,NA,2020-01-27,7,NA
"19A0106",2020-07-09,6,NA,2020-07-15,2.062,2.136,642.015,TRUE,8,2020-07-14,"TRUE","good",2020-01-31,15,NA
"19A0208",2020-07-09,6,NA,2020-07-15,1.986,1.167,1173.598,TRUE,NA,NA,NA,NA,2020-01-30,12,NA
"19A0402",2020-07-09,6,NA,2020-07-15,2.066,1.476,1053.659,TRUE,NA,NA,NA,NA,2020-01-31,16,NA
"19A0293",2020-07-16,6,NA,2020-07-17,1.998,1.206,1051.094,TRUE,NA,NA,NA,NA,2020-01-28,9,NA
"19A0354",2020-07-16,6,NA,2020-07-17,2.003,1.299,816.029,TRUE,NA,NA,NA,NA,2020-02-03,18,NA
"19A0305",2020-07-16,6,NA,2020-07-17,2.056,1.598,971.817,TRUE,NA,NA,NA,NA,2020-01-30,11,NA
"19A0179",2020-07-16,6,NA,2020-07-17,2.059,1.539,452.782,TRUE,NA,NA,NA,NA,2020-01-30,11,NA
"19A0044",2020-07-16,6,NA,2020-07-17,2.035,1.653,947.892,TRUE,NA,NA,NA,NA,2020-01-23,1,NA
"19A0241",2020-07-16,6,NA,2020-07-17,2.036,1.294,1068.841,TRUE,NA,NA,NA,NA,2020-01-27,6,NA
"19A0087",2020-07-16,6,NA,2020-07-17,2.087,2.22,1009.513,TRUE,NA,NA,NA,NA,2020-01-27,6,NA
"19A0449",2020-07-16,6,NA,2020-07-17,2.028,1.552,628.477,TRUE,NA,NA,NA,NA,2020-02-03,17,NA
"19A0157",2020-07-16,6,NA,2020-07-17,2.038,1.293,473.057,TRUE,NA,NA,NA,NA,2020-01-31,15,NA
"19A0429",2020-07-16,6,NA,2020-07-17,2.047,1.265,624.345,TRUE,NA,NA,NA,NA,2020-02-03,17,NA
"19A0370",2020-07-16,6,NA,2020-07-17,2.032,1.258,864.649,TRUE,NA,NA,NA,NA,2020-01-31,16,NA
"19A0123_2",2020-07-16,6,"REDO",2020-07-17,2.04,2.026,258.188,TRUE,NA,NA,NA,NA,NA,NA,NA
"19A0260_2",2020-07-16,6,"REDO",2020-07-17,2.073,1.499,694.463,TRUE,NA,NA,NA,NA,NA,NA,NA
"19A0211_2",2020-07-16,6,"REDO",2020-07-17,2.059,2.208,507.422,TRUE,NA,NA,NA,NA,NA,NA,NA
"19A0426_2",2020-07-16,6,"REDO",2020-07-17,2.059,2.164,489.796,TRUE,NA,NA,NA,NA,NA,NA,NA
"19A0133_2",2020-07-16,6,"REDO",2020-07-17,2.018,1.369,642.048,TRUE,NA,NA,NA,NA,NA,NA,NA
"19A0425_2",2020-07-16,6,"REDO",2020-07-17,2.018,1.101,483.851,TRUE,NA,NA,NA,NA,NA,NA,NA
"19A0110_2",2020-07-16,6,"REDO",2020-07-17,2.072,2.199,624.157,TRUE,NA,NA,NA,NA,NA,NA,NA
"19A0436_2",2020-07-16,6,"REDO",2020-07-17,2.031,1.434,523.594,TRUE,NA,NA,NA,NA,NA,NA,NA
"19A0182_2",2020-07-16,6,"REDO",2020-07-17,2.015,1.065,464.339,TRUE,NA,NA,NA,NA,NA,NA,NA
"19A0249_2",2020-07-16,6,"REDO",2020-07-17,2.053,1.296,638.887,TRUE,NA,NA,NA,NA,NA,NA,NA
"19A0010_2",2020-07-16,6,"REDO",2020-07-17,2.069,2.161,512.387,TRUE,NA,NA,NA,NA,NA,NA,NA
"19A0025_2",2020-07-16,6,"REDO",2020-07-17,2.048,1.706,575.278,TRUE,NA,NA,NA,NA,NA,NA,NA
"19A0396_2",2020-07-16,6,"REDO",2020-07-17,2.037,1.315,563.497,TRUE,NA,NA,NA,NA,NA,NA,NA
"19A0221_2",2020-07-19,6,"REDO",2020-07-22,2.07,2.12,1119.174,TRUE,NA,NA,NA,NA,NA,NA,NA
"19A0344_2",2020-07-19,6,"REDO",2020-07-22,2.022,1.332,356.972,TRUE,NA,NA,NA,NA,NA,NA,NA
"19A0428_2",2020-07-19,6,"REDO",2020-07-22,2,1.278,156.234,FALSE,NA,NA,NA,NA,NA,NA,NA
"19A0336_2",2020-07-19,6,"REDO",2020-07-22,2.059,2.201,914.593,TRUE,NA,NA,NA,NA,NA,NA,NA
"19A0199_2",2020-07-19,6,"REDO",2020-07-22,2.014,1.297,286.193,FALSE,NA,NA,NA,NA,NA,NA,NA
"19A0198_2",2020-07-19,6,"REDO",2020-07-22,2.032,1.97,798.431,TRUE,NA,NA,NA,NA,NA,NA,NA
"19A0042_2",2020-07-19,6,"REDO",2020-07-22,2.048,1.666,262.731,TRUE,NA,NA,NA,NA,NA,NA,NA
"19A0254_2",2020-07-19,6,"REDO",2020-07-22,1.524,0.641,19.91,FALSE,NA,NA,NA,NA,NA,NA,NA
"19A0120_2",2020-07-19,6,"REDO",2020-07-22,2.114,1.753,911.93,TRUE,NA,NA,NA,NA,NA,NA,NA
"19A0422_2",2020-07-19,6,"REDO",2020-07-22,2.107,1.582,594.622,TRUE,NA,NA,NA,NA,NA,NA,NA
"19A0444_2",2020-07-19,6,"REDO",2020-07-22,2.018,1.21,852.021,TRUE,NA,NA,NA,NA,NA,NA,NA
"19A0312_2",2020-07-19,6,"REDO",2020-07-22,2.023,1.557,306.484,TRUE,NA,NA,NA,NA,NA,NA,NA
"19A0382_2",2020-07-19,6,"REDO",2020-07-22,2.003,1.512,878.709,TRUE,NA,NA,NA,NA,NA,NA,NA
"19A0342_2",2020-07-19,6,"REDO",2020-07-22,2.015,1.96,821.398,TRUE,NA,NA,NA,NA,NA,NA,NA
"19A0220_2",2020-07-19,6,"REDO",2020-07-22,2.015,2.044,296.227,TRUE,NA,NA,NA,NA,NA,NA,NA
"19A0118_2",2020-07-19,6,"REDO",2020-07-22,2.053,1.708,1022.869,TRUE,NA,NA,NA,NA,NA,NA,NA
"19A0326_2",2020-07-19,6,"REDO",2020-07-22,2.059,1.675,826.229,TRUE,NA,NA,NA,NA,NA,NA,NA
"19A0163_2",2020-07-19,6,"REDO",2020-07-22,2.077,1.419,706.27,TRUE,NA,NA,NA,NA,NA,NA,NA
"19A0285_2",2020-07-19,6,"REDO",2020-07-22,2.059,1.398,700.465,TRUE,NA,NA,NA,NA,NA,NA,NA
"19A0092_2",2020-07-19,6,"REDO",2020-07-22,2.011,1.285,632.911,TRUE,NA,NA,NA,NA,NA,NA,NA
"19A0372_2",2020-07-19,6,"REDO",2020-07-22,1.995,1.108,402.456,TRUE,NA,NA,NA,NA,NA,NA,NA
"19A0282_2",2020-07-19,6,"REDO",2020-07-22,1.971,1.38,432.951,TRUE,NA,NA,NA,NA,NA,NA,NA
"19A0333_2",2020-07-19,6,"REDO",2020-07-22,1.966,1.608,324.303,TRUE,NA,NA,NA,NA,NA,NA,NA
"19A0240_2",2020-07-19,6,"REDO",2020-07-22,2.052,1.696,858.728,TRUE,NA,NA,NA,NA,NA,NA,NA
"19A0278_2",2020-07-20,6,"REDO",2020-07-22,1.965,1.065,311.972,FALSE,NA,NA,NA,NA,NA,NA,NA
"19A0200_2",2020-07-20,6,"REDO",2020-07-22,2.06,1.597,974.263,TRUE,NA,NA,NA,NA,NA,NA,NA
"19A0288_2",2020-07-20,6,"REDO",2020-07-22,1.98,1.107,324.037,FALSE,NA,NA,NA,NA,NA,NA,NA
"19A0348_2",2020-07-20,6,"REDO",2020-07-22,2.067,1.545,395.23,TRUE,NA,NA,NA,NA,NA,NA,NA
"19A0291_2",2020-07-20,6,"REDO",2020-07-22,2.035,1.368,497.553,TRUE,NA,NA,NA,NA,NA,NA,NA
"19A0264_2",2020-07-20,6,"REDO",2020-07-22,2.049,1.846,607.647,TRUE,NA,NA,NA,NA,NA,NA,NA
"19A0035_2",2020-07-20,7,"REDO",2020-07-22,2.003,1.319,354.793,TRUE,NA,NA,NA,NA,NA,NA,NA
"19A0246_2",2020-07-20,7,"REDO",2020-07-22,2.082,1.371,440.759,TRUE,NA,NA,NA,NA,NA,NA,NA
"19A0093_2",2020-07-20,7,"REDO",2020-07-22,2.093,1.752,768.124,TRUE,NA,NA,NA,NA,NA,NA,NA
"19A0365_2",2020-07-20,7,"REDO",2020-07-22,1.985,1.117,212.067,FALSE,NA,NA,NA,NA,NA,NA,NA
"19A0077_2",2020-07-20,7,"REDO",2020-07-22,2.022,1.982,492.353,TRUE,NA,NA,NA,NA,NA,NA,NA
"19A0181_2",2020-07-20,7,"REDO",2020-07-22,2.066,1.661,814.948,TRUE,NA,NA,NA,NA,NA,NA,NA
"19A0271_2",2020-07-20,7,"REDO",2020-07-22,2.017,1.287,789.493,TRUE,NA,NA,NA,NA,NA,NA,NA
"19A0362_2",2020-07-20,7,"REDO",2020-07-22,2.048,1.714,718.658,TRUE,NA,NA,NA,NA,NA,NA,NA
"19A0276_2",2020-07-20,7,"REDO",2020-07-22,1.751,0.895,30.5,FALSE,NA,NA,NA,NA,NA,NA,NA
"19A0184_2",2020-07-20,7,"REDO",2020-07-22,1.997,1.198,445.79,TRUE,NA,NA,NA,NA,NA,NA,NA
"19A0281_2",2020-07-20,7,"REDO",2020-07-22,1.993,1.11,415.938,TRUE,NA,NA,NA,NA,NA,NA,NA
"19A0459_2",2020-07-20,7,"REDO",2020-07-22,2.058,1.363,933.599,TRUE,NA,NA,NA,NA,NA,NA,NA
"19A0053_2",2020-07-20,7,"REDO",2020-07-22,2.078,1.591,950.326,TRUE,NA,NA,NA,NA,NA,NA,NA
"19A0076_2",2020-07-20,7,"REDO",2020-07-22,2.087,2.183,686.362,TRUE,NA,NA,NA,NA,NA,NA,NA
"19A0369_2",2020-07-20,7,"REDO",2020-07-22,2.067,1.467,872.982,TRUE,NA,NA,NA,NA,NA,NA,NA
"19A0194_2",2020-07-20,7,"REDO",2020-07-22,2.029,1.243,478.651,TRUE,NA,NA,NA,NA,NA,NA,NA
"19A0158_2",2020-07-20,7,"REDO",2020-07-22,2.095,1.637,1076.763,TRUE,NA,NA,NA,NA,NA,NA,NA
"19A0457_2",2020-07-20,7,"REDO",2020-07-22,2.026,1.277,759.609,TRUE,NA,NA,NA,NA,NA,NA,NA
"19A0297_2",2020-07-21,7,"REDO",2020-07-22,2.111,2.175,792.049,TRUE,NA,NA,NA,NA,NA,NA,NA
"19A0239_2",2020-07-21,7,"REDO",2020-07-22,1.992,1.006,481.705,TRUE,NA,NA,NA,NA,NA,NA,NA
"19A0119_2",2020-07-21,7,"REDO",2020-07-22,1.975,1.019,430.578,TRUE,NA,NA,NA,NA,NA,NA,NA
"19A0233_2",2020-07-21,7,"REDO",2020-07-22,2.088,2.137,578.206,TRUE,NA,NA,NA,NA,NA,NA,NA
"19A0072_2",2020-07-21,7,"REDO",2020-07-22,2.033,1.396,299.175,TRUE,NA,NA,NA,NA,NA,NA,NA
"19A0257_2",2020-07-21,7,"REDO",2020-07-22,1.976,1.234,196.556,FALSE,NA,NA,NA,NA,NA,NA,NA
"19A0322_2",2020-07-21,7,"REDO",2020-07-22,2.036,1.209,437.282,TRUE,NA,NA,NA,NA,NA,NA,NA
"19A0273_2",2020-07-21,7,"REDO",2020-07-22,2.048,1.548,535.265,TRUE,NA,NA,NA,NA,NA,NA,NA
"19A0197_2",2020-07-21,7,"REDO",2020-07-22,2.044,1.28,344.804,TRUE,NA,NA,NA,NA,NA,NA,NA
"19A0295_2",2020-07-21,7,"REDO",2020-07-22,1.987,1.108,249.085,TRUE,NA,NA,NA,NA,NA,NA,NA
"19A0310_2",2020-07-21,7,"REDO",2020-07-22,2.054,1.796,354.755,TRUE,NA,NA,NA,NA,NA,NA,NA
"19A0383_2",2020-07-21,7,"REDO",2020-07-22,2.051,1.323,330.013,TRUE,NA,NA,NA,NA,NA,NA,NA
"19A0413_2",2020-07-21,7,"REDO",2020-07-22,1.995,1,826.589,TRUE,NA,NA,NA,NA,NA,NA,NA
"19A0392_2",2020-07-21,7,"REDO",2020-07-22,2.045,1.438,406.709,TRUE,NA,NA,NA,NA,NA,NA,NA
"19A0304_2",2020-07-21,7,"REDO",2020-07-22,2.06,1.417,576.289,TRUE,NA,NA,NA,NA,NA,NA,NA
"19A0114_2",2020-07-21,7,"REDO",2020-07-22,2.1,1.847,1193.893,TRUE,NA,NA,NA,NA,NA,NA,NA
"19A0274_2",2020-07-21,7,"REDO",2020-07-22,2.04,1.377,433.591,TRUE,NA,NA,NA,NA,NA,NA,NA
"19A0363_2",2020-07-21,7,"REDO",2020-07-22,2.108,2.209,927.136,TRUE,NA,NA,NA,NA,NA,NA,NA
"19A0432_2",2020-07-21,7,"REDO",2020-07-22,2.048,1.237,565.244,TRUE,NA,NA,NA,NA,NA,NA,NA
"19A0107_2",2020-07-21,7,"REDO",2020-07-22,2.081,2.16,538.083,TRUE,NA,NA,NA,NA,NA,NA,NA
"19A0287_2",2020-07-21,7,"REDO",2020-07-22,2.077,1.739,777.193,TRUE,NA,NA,NA,NA,NA,NA,NA
"19A0350_2",2020-07-21,7,"REDO",2020-07-22,2.049,1.318,859.896,TRUE,NA,NA,NA,NA,NA,NA,NA
"19A0095_2",2020-07-21,7,"REDO",2020-07-22,2.069,1.329,866.599,TRUE,NA,NA,NA,NA,NA,NA,NA
"19A0177_2",2020-07-21,7,"REDO",2020-07-22,2.037,1.357,404.618,TRUE,NA,NA,NA,NA,NA,NA,NA
